Date,Timeslot,Client IP,Request Count
15-Nov-22,0,10.82.207.56,0
15-Nov-22,0,10.82.214.133,0
15-Nov-22,0,10.82.194.224,0
15-Nov-22,0,10.82.214.164,0
15-Nov-22,1,10.82.207.56,0
15-Nov-22,1,10.82.214.133,0
15-Nov-22,1,10.82.194.224,0
15-Nov-22,1,10.82.214.164,66
15-Nov-22,2,10.82.207.56,0
15-Nov-22,2,10.82.214.133,0
15-Nov-22,2,10.82.194.224,0
15-Nov-22,2,10.82.214.164,14
15-Nov-22,3,10.82.207.56,0
15-Nov-22,3,10.82.214.133,0
15-Nov-22,3,10.82.194.224,0
15-Nov-22,3,10.82.214.164,0
15-Nov-22,4,10.82.207.56,0
15-Nov-22,4,10.82.214.133,12
15-Nov-22,4,10.82.194.224,0
15-Nov-22,4,10.82.214.164,0
15-Nov-22,5,10.82.207.56,0
15-Nov-22,5,10.82.214.133,0
15-Nov-22,5,10.82.194.224,0
15-Nov-22,5,10.82.214.164,0
12-Nov-22,0,10.82.207.56,0
12-Nov-22,0,10.82.214.133,0
12-Nov-22,0,10.82.194.224,0
12-Nov-22,0,10.82.214.164,0
12-Nov-22,1,10.82.207.56,0
12-Nov-22,1,10.82.214.133,0
12-Nov-22,1,10.82.194.224,0
12-Nov-22,1,10.82.214.164,0
12-Nov-22,2,10.82.207.56,0
12-Nov-22,2,10.82.214.133,0
12-Nov-22,2,10.82.194.224,0
12-Nov-22,2,10.82.214.164,0
12-Nov-22,3,10.82.207.56,0
12-Nov-22,3,10.82.214.133,183
12-Nov-22,3,10.82.194.224,33
12-Nov-22,3,10.82.214.164,0
12-Nov-22,4,10.82.207.56,0
12-Nov-22,4,10.82.214.133,119
12-Nov-22,4,10.82.194.224,0
12-Nov-22,4,10.82.214.164,0
12-Nov-22,5,10.82.207.56,0
12-Nov-22,5,10.82.214.133,0
12-Nov-22,5,10.82.194.224,0
12-Nov-22,5,10.82.214.164,0
13-Nov-22,0,10.82.207.56,0
13-Nov-22,0,10.82.214.133,0
13-Nov-22,0,10.82.194.224,0
13-Nov-22,0,10.82.214.164,0
13-Nov-22,1,10.82.207.56,0
13-Nov-22,1,10.82.214.133,0
13-Nov-22,1,10.82.194.224,0
13-Nov-22,1,10.82.214.164,0
13-Nov-22,2,10.82.207.56,0
13-Nov-22,2,10.82.214.133,0
13-Nov-22,2,10.82.194.224,0
13-Nov-22,2,10.82.214.164,0
13-Nov-22,3,10.82.207.56,0
13-Nov-22,3,10.82.214.133,0
13-Nov-22,3,10.82.194.224,0
13-Nov-22,3,10.82.214.164,0
13-Nov-22,4,10.82.207.56,61
13-Nov-22,4,10.82.214.133,0
13-Nov-22,4,10.82.194.224,0
13-Nov-22,4,10.82.214.164,0
13-Nov-22,5,10.82.207.56,0
13-Nov-22,5,10.82.214.133,0
13-Nov-22,5,10.82.194.224,0
13-Nov-22,5,10.82.214.164,0
11-Nov-22,0,10.82.207.56,0
11-Nov-22,0,10.82.214.133,266
11-Nov-22,0,10.82.194.224,0
11-Nov-22,0,10.82.214.164,0
11-Nov-22,1,10.82.207.56,0
11-Nov-22,1,10.82.214.133,0
11-Nov-22,1,10.82.194.224,0
11-Nov-22,1,10.82.214.164,0
11-Nov-22,2,10.82.207.56,0
11-Nov-22,2,10.82.214.133,0
11-Nov-22,2,10.82.194.224,0
11-Nov-22,2,10.82.214.164,0
11-Nov-22,3,10.82.207.56,0
11-Nov-22,3,10.82.214.133,0
11-Nov-22,3,10.82.194.224,0
11-Nov-22,3,10.82.214.164,0
11-Nov-22,4,10.82.207.56,0
11-Nov-22,4,10.82.214.133,0
11-Nov-22,4,10.82.194.224,0
11-Nov-22,4,10.82.214.164,0
11-Nov-22,5,10.82.207.56,0
11-Nov-22,5,10.82.214.133,0
11-Nov-22,5,10.82.194.224,0
11-Nov-22,5,10.82.214.164,0
17-Nov-22,0,10.82.207.56,0
17-Nov-22,0,10.82.214.133,0
17-Nov-22,0,10.82.194.224,0
17-Nov-22,0,10.82.214.164,0
17-Nov-22,1,10.82.207.56,0
17-Nov-22,1,10.82.214.133,6
17-Nov-22,1,10.82.194.224,0
17-Nov-22,1,10.82.214.164,0
17-Nov-22,2,10.82.207.56,0
17-Nov-22,2,10.82.214.133,0
17-Nov-22,2,10.82.194.224,0
17-Nov-22,2,10.82.214.164,0
17-Nov-22,3,10.82.207.56,0
17-Nov-22,3,10.82.214.133,19
17-Nov-22,3,10.82.194.224,0
17-Nov-22,3,10.82.214.164,0
17-Nov-22,4,10.82.207.56,0
17-Nov-22,4,10.82.214.133,44
17-Nov-22,4,10.82.194.224,0
17-Nov-22,4,10.82.214.164,0
17-Nov-22,5,10.82.207.56,0
17-Nov-22,5,10.82.214.133,0
17-Nov-22,5,10.82.194.224,0
17-Nov-22,5,10.82.214.164,0